Workbook

Sheet Returns
A1: Date | B1: SPY | C1: FB | D1: AAPL | E1: AMZN | F1: NFLX | G1: GOOG
A2: =SPY!A2 -> 42373 | B2: =VLOOKUP(A2, SPY!A2:G1478, 6) -> 180.74558
A3: =SPY!A3 -> 42374 | B3: =VLOOKUP(A3, SPY!A3:G1479, 6) -> 181.05127 | H3: =(B3-$B$2)/$B$2*100 -> 0.16913 | I3: =(B3-$B$2)/$B$2*100 -> 0.16913 | J3: 3 | L3: =$J3 -> 3 | M3: =$J$3 -> 3
A4: =SPY!A4 -> 42375 | B4: =VLOOKUP(A4, SPY!A4:G1480, 6) -> 178.76749 | H4: =(B4-B3)/B3*100 -> -1.2614013 | I4: =(B4-$B$2)/$B$2*100 -> -1.0944047 | M4: =$J$3 -> 3
A5: =SPY!A5 -> 42376 | B5: =VLOOKUP(A5, SPY!A5:G1481, 6) -> 174.47853 | H5: =(B5-B4)/B4*100 -> -2.3991812 | I5: =(B5-$B$2)/$B$2*100 -> -3.4673291
A6: =SPY!A6 -> 42377 | B6: =VLOOKUP(A6, SPY!A6:G1482, 6) -> 172.56337 | H6: =(B6-B5)/B5*100 -> -1.0976485 | I6: =(B6-$B$2)/$B$2*100 -> -4.5269186
A7: =SPY!A7 -> 42380 | B7: =VLOOKUP(A7, SPY!A7:G1483, 6) -> 172.73419 | H7: =(B7-B6)/B6*100 -> 0.098990881 | I7: =(B7-$B$2)/$B$2*100 -> -4.4324089
A8: =SPY!A8 -> 42381 | B8: =VLOOKUP(A8, SPY!A8:G1484, 6) -> 174.12785 | H8: =(B8-B7)/B7*100 -> 0.80682405 | I8: =(B8-$B$2)/$B$2*100 -> -3.6613466
A9: =SPY!A9 -> 42382 | B9: =VLOOKUP(A9, SPY!A9:G1485, 6) -> 169.78502
A10: =SPY!A10 -> 42383 | B10: =VLOOKUP(A10, SPY!A10:G1486, 6) -> 172.57236
A11: =SPY!A11 -> 42384 | B11: =VLOOKUP(A11, SPY!A11:G1487, 6) -> 168.86787
A12: =SPY!A12 -> 42388 | B12: =VLOOKUP(A12, SPY!A12:G1488, 6) -> 169.09268
A13: =SPY!A13 -> 42389 | B13: =VLOOKUP(A13, SPY!A13:G1489, 6) -> 166.92575
A14: =SPY!A14 -> 42390 | B14: =VLOOKUP(A14, SPY!A14:G1490, 6) -> 167.86085
A15: =SPY!A15 -> 42391 | B15: =VLOOKUP(A15, SPY!A15:G1491, 6) -> 171.30455
A16: =SPY!A16 -> 42394 | B16: =VLOOKUP(A16, SPY!A16:G1492, 6) -> 168.71504
A17: =SPY!A17 -> 42395 | B17: =VLOOKUP(A17, SPY!A17:G1493, 6) -> 171.01686
A18: =SPY!A18 -> 42396 | B18: =VLOOKUP(A18, SPY!A18:G1494, 6) -> 169.15559
A19: =SPY!A19 -> 42397 | B19: =VLOOKUP(A19, SPY!A19:G1495, 6) -> 170.03676
A20: =SPY!A20 -> 42398 | B20: =VLOOKUP(A20, SPY!A20:G1496, 6) -> 174.18181
... A157: =SPY!A157 -> 42597 | B157: =VLOOKUP(A157, SPY!A157:G1633, 6) -> 199.03877

Sheet Raw ->

Sheet SPY
A1: Date | B1: Open | C1: High | D1: Low | E1: Close | F1: Adj Close | G1: Volume
A2: 42373 | B2: 200.49 | C2: 201.03 | D2: 198.59 | E2: 201.02 | F2: 180.74558 | G2: 222353500
A3: 42374 | B3: 201.39999 | C3: 201.89999 | D3: 200.05 | E3: 201.36 | F3: 181.05127 | G3: 110845800
A4: 42375 | B4: 198.34 | C4: 200.06 | D4: 197.60001 | E4: 198.82001 | F4: 178.76749 | G4: 152112600
A5: 42376 | B5: 195.33 | C5: 197.44 | D5: 193.59 | E5: 194.05 | F5: 174.47853 | G5: 213436100
A6: 42377 | B6: 195.19 | C6: 195.85001 | D6: 191.58 | E6: 191.92 | F6: 172.56337 | G6: 209817200
A7: 42380 | B7: 193.01 | C7: 193.41 | D7: 189.82001 | E7: 192.11 | F7: 172.73419 | G7: 187941300
A8: 42381 | B8: 193.82001 | C8: 194.55 | D8: 191.14 | E8: 193.66 | F8: 174.12785 | G8: 172330500
A9: 42382 | B9: 194.45 | C9: 194.86 | D9: 188.38001 | E9: 188.83 | F9: 169.78502 | G9: 221168900
A10: 42383 | B10: 189.55 | C10: 193.26 | D10: 187.66 | E10: 191.92999 | F10: 172.57236 | G10: 240795600
A11: 42384 | B11: 186.77 | C11: 188.76 | D11: 185.52 | E11: 187.81 | F11: 168.86787 | G11: 324846400
A12: 42388 | B12: 189.96001 | C12: 190.11 | D12: 186.2 | E12: 188.06 | F12: 169.09268 | G12: 195244400
A13: 42389 | B13: 185.03 | C13: 187.5 | D13: 181.02 | E13: 185.64999 | F13: 166.92575 | G13: 286547800
... A1478: 44511 | B1478: 465.20999 | C1478: 465.29001 | D1478: 463.75 | E1478: 463.76999 | F1478: 463.76999 | G1478: 34848500

Sheet FB
A1: Date | B1: Open | C1: High | D1: Low | E1: Close | F1: Adj Close | G1: Volume
A2: 42373 | B2: 101.95 | C2: 102.24 | D2: 99.75 | E2: 102.22 | F2: 102.22 | G2: 37912400
A3: 42374 | B3: 102.89 | C3: 103.71 | D3: 101.67 | E3: 102.73 | F3: 102.73 | G3: 23258200
A4: 42375 | B4: 101.13 | C4: 103.77 | D4: 100.9 | E4: 102.97 | F4: 102.97 | G4: 25096200
A5: 42376 | B5: 100.5 | C5: 101.43 | D5: 97.300003 | E5: 97.919998 | F5: 97.919998 | G5: 45172900
A6: 42377 | B6: 99.879997 | C6: 100.5 | D6: 97.029999 | E6: 97.330002 | F6: 97.330002 | G6: 35402300
A7: 42380 | B7: 97.910004 | C7: 98.599998 | D7: 95.389999 | E7: 97.510002 | F7: 97.510002 | G7: 29932400
A8: 42381 | B8: 99 | C8: 99.959999 | D8: 97.550003 | E8: 99.370003 | F8: 99.370003 | G8: 28395400
A9: 42382 | B9: 100.58 | C9: 100.58 | D9: 95.209999 | E9: 95.440002 | F9: 95.440002 | G9: 33410600
A10: 42383 | B10: 95.849998 | C10: 98.870003 | D10: 92.449997 | E10: 98.370003 | F10: 98.370003 | G10: 48658600
A11: 42384 | B11: 93.980003 | C11: 96.379997 | D11: 93.540001 | E11: 94.970001 | F11: 94.970001 | G11: 46132800
A12: 42388 | B12: 96.529999 | C12: 97.419998 | D12: 93.919998 | E12: 95.260002 | F12: 95.260002 | G12: 30998300
A13: 42389 | B13: 92.830002 | C13: 95 | D13: 89.370003 | E13: 94.349998 | F13: 94.349998 | G13: 59051400
... A1478: 44511 | B1478: 329.82001 | C1478: 332.45999 | D1478: 327 | E1478: 327.73999 | F1478: 327.73999 | G1478: 12376600

Sheet AAPL
A1: Date | B1: Open | C1: High | D1: Low | E1: Close | F1: Adj Close | G1: Volume
A2: 42373 | B2: 25.6525 | C2: 26.342501 | D2: 25.5 | E2: 26.3375 | F2: 24.251432 | G2: 270597600
A3: 42374 | B3: 26.4375 | C3: 26.4625 | D3: 25.602501 | E3: 25.6775 | F3: 23.643713 | G3: 223164000
A4: 42375 | B4: 25.139999 | C4: 25.592501 | D4: 24.967501 | E4: 25.174999 | F4: 23.181011 | G4: 273829600
A5: 42376 | B5: 24.67 | C5: 25.032499 | D5: 24.1075 | E5: 24.112499 | F5: 22.202667 | G5: 324377600
A6: 42377 | B6: 24.637501 | C6: 24.7775 | D6: 24.190001 | E6: 24.24 | F6: 22.320068 | G6: 283192000
A7: 42380 | B7: 24.7425 | C7: 24.764999 | D7: 24.334999 | E7: 24.6325 | F7: 22.681482 | G7: 198957600
A8: 42381 | B8: 25.137501 | C8: 25.172501 | D8: 24.709999 | E8: 24.99 | F8: 23.010664 | G8: 196616800
A9: 42382 | B9: 25.08 | C9: 25.297501 | D9: 24.325001 | E9: 24.3475 | F9: 22.419056 | G9: 249758400
A10: 42383 | B10: 24.49 | C10: 25.120001 | D10: 23.934999 | E10: 24.879999 | F10: 22.90938 | G10: 252680400
A11: 42384 | B11: 24.049999 | C11: 24.4275 | D11: 23.84 | E11: 24.282499 | F11: 22.359201 | G11: 319335600
A12: 42388 | B12: 24.602501 | C12: 24.6625 | D12: 23.875 | E12: 24.165001 | F12: 22.251005 | G12: 212350800
A13: 42389 | B13: 23.775 | C13: 24.547501 | D13: 23.355 | E13: 24.1975 | F13: 22.280935 | G13: 289337600
... A1478: 44511 | B1478: 148.96001 | C1478: 149.42999 | D1478: 147.67999 | E1478: 147.86999 | F1478: 147.86999 | G1478: 41000000

Sheet AMZN
A1: Date | B1: Open | C1: High | D1: Low | E1: Close | F1: Adj Close | G1: Volume
A2: 42373 | B2: 656.28998 | C2: 657.71997 | D2: 627.51001 | E2: 636.98999 | F2: 636.98999 | G2: 9314500
A3: 42374 | B3: 646.85999 | C3: 646.90997 | D3: 627.65002 | E3: 633.78998 | F3: 633.78998 | G3: 5822600
A4: 42375 | B4: 622 | C4: 639.78998 | D4: 620.31 | E4: 632.65002 | F4: 632.65002 | G4: 5329200
A5: 42376 | B5: 621.79999 | C5: 630 | D5: 605.21002 | E5: 607.94 | F5: 607.94 | G5: 7074900
A6: 42377 | B6: 619.65997 | C6: 624.14001 | D6: 606 | E6: 607.04999 | F6: 607.04999 | G6: 5512900
A7: 42380 | B7: 612.47998 | C7: 619.84998 | D7: 598.57001 | E7: 617.73999 | F7: 617.73999 | G7: 4891600
A8: 42381 | B8: 625.25 | C8: 625.98999 | D8: 612.23999 | E8: 617.89001 | F8: 617.89001 | G8: 4724100
A9: 42382 | B9: 620.88 | C9: 620.88 | D9: 579.15997 | E9: 581.81 | F9: 581.81 | G9: 7655200
A10: 42383 | B10: 580.25 | C10: 602.25 | D10: 569.88 | E10: 593 | F10: 593 | G10: 7238000
A11: 42384 | B11: 572.23999 | C11: 584.62 | D11: 565.29999 | E11: 570.17999 | F11: 570.17999 | G11: 7784500
A12: 42388 | B12: 577.09003 | C12: 584 | D12: 566.45001 | E12: 574.47998 | F12: 574.47998 | G12: 4807200
A13: 42389 | B13: 564.35999 | C13: 578.45001 | D13: 547.17999 | E13: 571.77002 | F13: 571.77002 | G13: 7966400
... A1478: 44511 | B1478: 3513 | C1478: 3543.24 | D1478: 3467.47 | E1478: 3472.5 | F1478: 3472.5 | G1478: 2264400

Sheet NFLX
A1: Date | B1: Open | C1: High | D1: Low | E1: Close | F1: Adj Close | G1: Volume
A2: 42373 | B2: 109 | C2: 110 | D2: 105.21 | E2: 109.96 | F2: 109.96 | G2: 20794800
A3: 42374 | B3: 110.45 | C3: 110.58 | D3: 105.85 | E3: 107.66 | F3: 107.66 | G3: 17664600
A4: 42375 | B4: 105.29 | C4: 117.91 | D4: 104.96 | E4: 117.68 | F4: 117.68 | G4: 33045700
A5: 42376 | B5: 116.36 | C5: 122.18 | D5: 112.29 | E5: 114.56 | F5: 114.56 | G5: 33636700
A6: 42377 | B6: 116.33 | C6: 117.72 | D6: 111.1 | E6: 111.39 | F6: 111.39 | G6: 18067100
A7: 42380 | B7: 112.13 | C7: 116.79 | D7: 111.2 | E7: 114.97 | F7: 114.97 | G7: 21920400
A8: 42381 | B8: 116.11 | C8: 117.78 | D8: 115.08 | E8: 116.58 | F8: 116.58 | G8: 15133500
A9: 42382 | B9: 114.43 | C9: 114.48 | D9: 104.53 | E9: 106.56 | F9: 106.56 | G9: 24921600
A10: 42383 | B10: 105.65 | C10: 109.25 | D10: 101.21 | E10: 107.06 | F10: 107.06 | G10: 23664800
A11: 42384 | B11: 102.43 | C11: 105.5 | D11: 101.72 | E11: 104.04 | F11: 104.04 | G11: 19775100
A12: 42388 | B12: 106.57 | C12: 110.14 | D12: 105.55 | E12: 107.89 | F12: 107.89 | G12: 35722800
A13: 42389 | B13: 108.91 | C13: 109.99 | D13: 97.050003 | E13: 107.74 | F13: 107.74 | G13: 53009400
... A1478: 44511 | B1478: 650.23999 | C1478: 665.82001 | D1478: 649.71002 | E1478: 657.58002 | F1478: 657.58002 | G1478: 2868300

Sheet GOOG
A1: Date | B1: Open | C1: High | D1: Low | E1: Close | F1: Adj Close | G1: Volume
A2: 42373 | B2: 743 | C2: 744.06 | D2: 731.258 | E2: 741.84003 | F2: 741.84003 | G2: 3272800
A3: 42374 | B3: 746.45001 | C3: 752 | D3: 738.64001 | E3: 742.58002 | F3: 742.58002 | G3: 1950700
A4: 42375 | B4: 730 | C4: 747.17999 | D4: 728.91998 | E4: 743.62 | F4: 743.62 | G4: 1947000
A5: 42376 | B5: 730.31 | C5: 738.5 | D5: 719.06 | E5: 726.39001 | F5: 726.39001 | G5: 2963700
A6: 42377 | B6: 731.45001 | C6: 733.22998 | D6: 713 | E6: 714.46997 | F6: 714.46997 | G6: 2450900
A7: 42380 | B7: 716.60999 | C7: 718.85498 | D7: 703.53998 | E7: 716.03003 | F7: 716.03003 | G7: 2090600
A8: 42381 | B8: 721.67999 | C8: 728.75 | D8: 717.31702 | E8: 726.07001 | F8: 726.07001 | G8: 2024500
A9: 42382 | B9: 730.84998 | C9: 734.73999 | D9: 698.60999 | E9: 700.56 | F9: 700.56 | G9: 2501700
A10: 42383 | B10: 705.38 | C10: 721.92499 | D10: 689.09998 | E10: 714.71997 | F10: 714.71997 | G10: 2225800
A11: 42384 | B11: 692.28998 | C11: 706.73999 | D11: 685.37 | E11: 694.45001 | F11: 694.45001 | G11: 3608100
A12: 42388 | B12: 703.29999 | C12: 709.97998 | D12: 693.40997 | E12: 701.78998 | F12: 701.78998 | G12: 2268100
A13: 42389 | B13: 688.60999 | C13: 706.84998 | D13: 673.26001 | E13: 698.45001 | F13: 698.45001 | G13: 3445000
... A1478: 44511 | B1478: 2942.1399 | C1478: 2970.0449 | D1478: 2933.8899 | E1478: 2934.96 | F1478: 2934.96 | G1478: 623200
